title,price,endDate,discount,count
"Microfiber Cleaning Cloths","1.63","04.10.2028","85.64","151"
"The Original Slinky Walking Spring Toy","91.25","28.04.2030","57.02","179"
"Sabrent 4-Port USB 2.0 Data Hub","60.24","25.12.2026","31.80","120"
"Mini Handheld Vacuum","1.58","28.03.2025","24.02","107"
"Led Strip Lights","8.56","02.06.2030","50.91","451"
"Ortho Home Defense Insect Killer","49.49","29.07.2029","56.42","463"
"Baby Tablet Preschool Child Early Educational TouchPad for Fun Learn Number ABCs Spelling Animal","19.09","13.11.2029","33.15","994"
"Floating Shelves Wall Mounted","4.95","25.07.2026","32.97","41"
"USB Condenser Gaming Microphone","37.11","02.02.2029","74.88","499"
"Iron Flask Sports Water Bottle","77.13","14.04.2027","40.86","144"
"Bedside Table with Plastic Poles","21.33","15.02.2029","75.82","887"
"Pokémon Assorted Card","6.02","17.04.2025","49.89","306"
"Led Strip Lights","77.83","09.04.2028","70.82","474"
"Colorful VSCO Waterproof Stickers","18.01","19.06.2025","21.37","664"
"Fire TV Cube","20.56","27.07.2026","56.26","979"
"Black Disposable Face Mask","10.69","04.07.2025","92.72","894"
"ComfiLife Gel Enhanced Seat Cushion","51.10","28.08.2025","76.90","995"
"Portable Laundry Washing Machine","1.58","16.12.2025","80.54","19"
"Electric Instrument Cable","73.70","28.11.2026","61.26","569"
"Roku Express | HD Streaming Media Player","33.05","24.10.2027","86.91","422"
"Pokémon Assorted Card","84.62","19.06.2029","67.01","703"
"weather-resistant HD security camera","90.48","31.05.2028","23.65","280"
"Pizza Grilling Set","31.81","29.05.2025","49.57","633"
"Fire HD 8 tablet","90.76","18.04.2027","12.88","379"
"Mobil 1 Extended Performance Full Synthetic Motor Oil","87.83","04.01.2030","3.05","71"
"Amazon Basics Guitar Folding A-Frame Stand","98.49","06.08.2027","17.31","472"
"Standard Replacement Filters for Pitchers and Dispensers","14.29","13.04.2030","27.90","622"
"Baby Monitor Dog Camera 360-degree","42.84","27.06.2029","24.21","545"
"Traeger Grills Apple","31.42","16.04.2026","94.69","422"
"Electric Balloon Blower Pump/Electric Balloon Inflator for Decorations","5.77","24.09.2030","21.96","949"
"Acoustic Guitar Strings","5.19","29.05.2028","89.34","167"
"Fire TV Stick with Alexa Voice Remote","35.13","21.08.2025","22.38","785"
"Mobil 1 Extended Performance Full Synthetic Motor Oil","64.61","17.06.2025","77.09","188"
"Blink Outdoor – wireless","22.27","24.06.2030","82.60","333"
"Acoustic Guitar Strings","93.77","05.09.2026","46.83","925"
"MODVEL 2 Pack Knee Brace","23.28","02.08.2027","30.75","985"
"Coleman Sundome Camping Tent","82.00","25.01.2029","22.98","330"
"ComfiLife Gel Enhanced Seat Cushion","96.75","09.12.2025","84.03","25"
"Microfiber Bed Sheet Set with 14” Deep Pockets","67.30","18.12.2029","18.66","417"
"Non-Abrasive","40.83","29.01.2027","16.14","823"
"a Hands-free streaming device with Alexa","62.25","17.11.2028","10.34","87"
"Amazon Basics XLR Male to Female Microphone Cable – 3 Feet","42.08","19.11.2026","20.31","540"
"Mobil 1 Extended Performance Full Synthetic Motor Oil","7.84","30.07.2026","16.45","287"
"Focusrite Scarlett Solo 3rd Gen USB Audio Interface","2.43","13.10.2026","34.34","998"
"Echo Dot | Smart speaker","62.23","02.02.2026","61.12","730"
"Standard Replacement Filters for Pitchers and Dispensers","49.92","27.08.2029","95.32","464"
"Mini Fridge with Freeze","11.72","04.06.2030","60.54","626"
"Patented Fidget Cube w/ 36 Rare Earth Magnets","34.03","11.06.2025","90.54","627"
"Ferilinso Designed for iPhone 13 Pro Max Camera Lens Protector","17.50","19.09.2028","99.29","82"
"Mini Fridge with Freeze","75.31","28.05.2028","13.92","325"
"Standard Replacement Filters for Pitchers and Dispensers","59.41","09.07.2025","28.77","141"
"Scotts Turf Builder Weed and Feed","46.34","19.02.2025","47.42","203"
"Command Large Picture Hanging Strips","5.04","07.01.2026","69.85","272"
"Loop Exercise Bands","49.64","15.02.2025","60.20","506"
"Standard Replacement Filters for Pitchers and Dispensers","93.23","28.12.2027","6.11","745"
"Colorful VSCO Waterproof Stickers","4.68","26.06.2027","53.79","854"
"EcoNour Car Windshield Sun Shade with Storage Pouch","14.65","07.11.2027","92.45","443"
"Bosch Workshop Air Filter","27.92","11.01.2026","98.09","294"
"Wireless Bluetooth Karaoke Microphone","38.73","16.03.2027","65.45","555"
"Bathroom Cart Organizer Mobile Shelving","75.96","08.08.2030","2.07","688"
"Bedside Table with Plastic Poles","40.94","28.12.2025","27.73","904"
"Bed and Couch Pillows","9.45","13.12.2030","71.13","906"
"Non-Abrasive","93.61","20.09.2025","39.21","379"
"Sabrent 4-Port USB 2.0 Data Hub","77.69","18.06.2025","13.86","478"
"Traeger Grills Apple","79.94","08.11.2030","68.43","745"
"ComfiLife Gel Enhanced Seat Cushion","56.24","23.02.2025","33.02","541"
"Amazon Basics XLR Male to Female Microphone Cable – 3 Feet","15.46","26.09.2027","12.35","321"
"Fidget Toys","41.71","19.10.2026","53.50","57"
"Neoprene Dumbbell Hand Weights","63.61","12.07.2028","58.03","419"
"Mini Fridge with Freeze","49.06","30.12.2028","38.99","82"
"Ring Video Doorbell","1.52","25.11.2026","30.52","888"
"TastePure RV/Marine Water Filter with Flexible Hose Protector","96.28","17.02.2025","53.64","500"
"Colorful VSCO Waterproof Stickers","52.03","30.05.2026","56.66","440"
"Sleek Socket Ultra-Thin Electrical Outlet Cover with 3 Outlet Power Strip","23.67","05.10.2027","68.64","335"
"Digital Chromatic Tuner for Guitar","79.87","14.02.2026","18.89","638"
"Party Favors","3.30","11.09.2028","55.02","661"
"Portable Washing Machine","73.04","30.08.2026","82.28","192"
"Bedside Table with Plastic Poles","65.09","04.02.2025","95.76","61"
"and Gifts","62.24","17.09.2026","1.20","129"
"Pokémon Assorted Card","18.81","26.03.2025","55.09","880"
"Mobil 1 Extended Performance Full Synthetic Motor Oil","22.63","26.02.2029","21.38","238"
"EcoNour Car Windshield Sun Shade with Storage Pouch","53.90","04.07.2028","37.39","608"
"Healthy Living Ultra Allergen","28.37","05.04.2026","90.08","350"
"Traeger Grills Apple","68.15","22.12.2029","18.99","981"
"Digital Chromatic Tuner for Guitar","12.67","03.09.2028","51.82","456"
"SKIP-BO Card Game","47.07","23.02.2029","74.15","290"
"Acoustic Guitar Strings","75.82","16.02.2025","59.57","847"
"Reusable and Washable","70.71","06.10.2029","80.40","989"
"Fire TV Stick with Alexa Voice Remote","53.39","01.09.2029","81.84","78"
"Microfiber Bed Sheet Set with 14” Deep Pockets","10.08","17.12.2025","60.74","564"
"MPR 1500","21.27","05.12.2028","80.78","875"
"Insulated Grocery shopping bag","93.97","20.06.2030","76.13","915"
"MODVEL 2 Pack Knee Brace","55.05","15.04.2027","47.88","96"
"Ferilinso Designed for iPhone 13 Pro Max Camera Lens Protector","91.84","29.04.2030","91.02","354"
"Ortho Home Defense Insect Killer","47.79","03.02.2029","78.53","128"
"Fire TV Cube","32.02","16.01.2028","86.82","662"
"Floating Shelves Wall Mounted","95.01","14.04.2027","36.18","93"
"Colorful VSCO Waterproof Stickers","32.60","27.07.2029","68.52","407"
"CHAPIN 20000 Garden Sprayer 1 Gallon Lawn","29.19","07.01.2026","85.56","662"
"Ernie Ball Hybrid Slinky Electric Guitar Strings","88.08","23.08.2026","5.37","704"
"Wolmund Toddler Learning Toy","31.56","09.04.2026","10.48","939"
"Non-Abrasive","42.14","01.09.2030","20.08","200"
"weather-resistant HD security camera","28.98","27.10.2029","32.17","660"
"Iron Flask Sports Water Bottle","81.10","18.11.2030","64.35","772"
"Echo Dot (4th Gen) | Smart speaker","52.10","09.09.2025","16.06","633"
"T-Sound USB Splitter for Laptop","19.82","13.09.2027","22.43","768"
"Docking Station USB C to Dual HDMI Adapter","73.32","08.02.2027","29.09","350"
"Echo Dot (4th Gen) | Smart speaker","63.37","25.02.2027","54.31","504"
"Amazon Basics 3-Foot Extension Cord","43.91","19.11.2025","47.99","14"
"Wagner's 13008 Deluxe Wild Bird Food","29.99","27.06.2025","82.51","704"
"Wyze Cam Spotlight","73.36","25.08.2028","92.08","527"
"Echo Dot (4th Gen) | Smart speaker","93.97","24.11.2029","25.25","214"
"Grampa's Weeder","21.77","04.04.2027","82.84","715"
"TastePure RV/Marine Water Filter with Flexible Hose Protector","56.41","21.07.2028","73.18","482"
"Electric Instrument Cable","71.16","12.12.2026","12.40","967"
"Smart WiFi Router","17.03","29.05.2027","3.09","363"
"High Power","21.00","19.06.2025","30.00","220"
"High Power","48.00","14.02.2030","58.26","796"
"Scotts Turf Builder Weed and Feed","65.18","19.02.2030","67.67","920"
"SKIP-BO Card Game","63.31","07.04.2026","75.62","484"
"Command Large Picture Hanging Strips","95.97","28.05.2030","36.78","535"
"Fujifilm Instax Mini Instant Film","98.45","11.04.2029","7.44","47"
"High Power","99.97","21.05.2027","80.37","38"
"SHASHIBO Shape-Shifting Box – Award-Winning","73.11","20.12.2026","12.24","783"
"Ring Video Doorbell","89.83","19.08.2027","81.23","14"
"Focusrite Scarlett Solo 3rd Gen USB Audio Interface","64.20","03.01.2025","5.60","698"
"Laundry Door Post 2.0","61.41","25.08.2028","61.35","616"
"Non-Abrasive","30.03","22.10.2025","76.89","334"
"T-Sound USB Splitter for Laptop","36.72","07.07.2026","6.42","382"
"Filtrete 10x20x1","38.04","08.12.2025","37.46","530"
"Callaway 2021 Supersoft Golf Balls 12B PK","6.13","15.10.2027","76.11","209"
"EcoNour Car Windshield Sun Shade with Storage Pouch","69.59","15.02.2025","86.72","319"
"Workout Traveling Running Casual Hands-Free Wallets","66.58","18.02.2027","67.75","569"
"Cleaning Gel for Car","37.23","21.09.2029","98.38","916"
"Command Large Picture Hanging Strips","2.69","19.05.2030","8.97","632"
"Mr Gold Foaming Car Wash Soap","94.08","15.06.2026","45.31","320"
"Coleman Sundome Camping Tent","96.17","09.10.2027","21.49","125"
"Sleek Socket Ultra-Thin Electrical Outlet Cover with 3 Outlet Power Strip","28.10","24.01.2028","4.15","747"
"Metal Slinky","42.39","08.03.2026","63.30","918"
"T-Sound USB Splitter for Laptop","49.10","14.07.2026","84.36","92"
"Filtrete 10x20x1","35.74","28.04.2028","9.59","999"
"Insulated Grocery shopping bag","19.27","19.10.2026","72.53","251"
"Mini Fridge with Freeze","15.32","13.01.2025","68.37","999"
"Cosmo 668ICS750 30 in","9.74","24.10.2025","35.73","849"
"Amazon Basics Guitar Folding A-Frame Stand","36.43","20.03.2030","55.36","984"
"a Hands-free streaming device with Alexa","66.92","21.02.2027","52.60","719"
"Healthy Living Ultra Allergen","15.06","25.03.2027","78.99","416"
"Pokémon Assorted Card","37.31","18.02.2028","79.33","936"
"Led Strip Lights","49.60","30.06.2030","67.31","818"
"Electric Balloon Blower Pump/Electric Balloon Inflator for Decorations","98.27","14.09.2027","38.38","706"
"Laundry Door Post 2.0","83.05","02.06.2030","4.22","560"
"Portable Washing Machine","75.06","06.03.2025","84.66","660"
"Scotts Turf Builder Weed and Feed","76.84","15.05.2026","23.22","121"
"Bedside Table with Plastic Poles","7.39","22.05.2030","52.62","990"
"Ernie Ball Hybrid Slinky Electric Guitar Strings","3.39","13.09.2026","22.85","671"
"Laundry Door Post 2.0","49.08","19.04.2027","11.36","774"
"Fire 7 Kids tablet","28.92","13.01.2026","49.20","936"
"Insulated Grocery shopping bag","7.02","02.12.2029","56.90","933"
"Cleaning Gel for Car","45.56","26.01.2029","96.65","344"
"Callaway 2021 Supersoft Golf Balls 12B PK","40.61","05.10.2029","47.24","837"
"TastePure RV/Marine Water Filter with Flexible Hose Protector","56.29","09.02.2026","9.19","501"
"Black Disposable Face Mask","2.64","10.04.2025","21.36","233"
"Mini Fridge with Freeze","77.25","09.04.2028","19.69","292"
"SKIP-BO Card Game","65.06","04.12.2026","47.83","365"
"CHAPIN 20000 Garden Sprayer 1 Gallon Lawn","6.57","13.04.2028","43.54","935"
"Amazon Basics Guitar Folding A-Frame Stand","56.70","16.02.2025","35.80","364"
"Mac Book Pro Charger","33.79","15.03.2029","28.10","886"
"Focusrite Scarlett Solo 3rd Gen USB Audio Interface","67.26","21.04.2027","68.79","273"
"Fire TV Cube","15.39","23.02.2027","63.49","739"
"Pokémon Assorted Card","79.86","17.04.2028","24.58","733"
"Silonn Ice Makers Countertop","93.12","26.03.2029","45.53","566"
"Mr Gold Foaming Car Wash Soap","10.59","17.08.2026","34.85","428"
"TP-Link Deco AX3000 WiFi 6 Mesh System","5.11","07.06.2025","77.29","787"
"Bathroom Cart Organizer Mobile Shelving","3.14","25.07.2026","72.22","11"
"Metal Slinky","46.72","19.04.2029","87.78","84"
"Amazon Basics Exercise Yoga Mat","17.72","05.10.2030","26.94","277"
"Flexzilla HFZG510YW Garden Lead","71.68","08.09.2030","68.16","491"
"Bosch Workshop Air Filter","78.57","03.09.2027","66.73","356"
"Fidget Toys","15.25","10.06.2030","60.47","483"
"High Power","27.85","15.06.2025","22.69","334"
"Portable","71.95","04.07.2026","60.77","267"
"Wireless Bluetooth Karaoke Microphone","11.56","01.10.2026","65.48","953"
"Electric Instrument Cable","83.12","04.01.2030","75.84","176"
"Fidget Toys","41.89","19.07.2026","56.17","506"
"TP-Link Deco AX3000 WiFi 6 Mesh System","38.52","26.05.2030","42.62","462"
"Wolmund Toddler Learning Toy","53.02","03.03.2029","25.82","81"
"Traeger Grills Apple","86.52","11.12.2030","53.00","598"
"Portable Countertop Dishwasher","87.13","22.09.2028","41.55","600"
"Command Large Picture Hanging Strips","52.79","04.03.2028","32.18","976"
"Echo Dot | Smart speaker","38.04","14.09.2028","96.35","733"
"Microfiber Cleaning Cloths","46.95","09.03.2030","91.12","595"
"High Power","33.31","19.06.2028","47.75","359"
"Black Disposable Face Mask","74.35","07.02.2028","11.16","464"
"Fire HD 8 tablet","42.09","20.12.2029","3.86","710"
"Bosch Workshop Air Filter","11.82","05.09.2028","19.70","511"
"Mac Book Pro Charger","98.68","27.11.2025","22.46","102"
"ComfiLife Gel Enhanced Seat Cushion","33.86","24.12.2030","10.48","263"
"Focusrite Scarlett Solo 3rd Gen USB Audio Interface","81.06","11.06.2030","62.07","753"
"Fire TV Stick with Alexa Voice Remote","81.50","12.01.2025","83.05","905"
"Callaway 2021 Supersoft Golf Balls 12B PK","15.45","28.09.2026","48.35","853"
"Apple AirTag","32.98","21.07.2030","7.90","737"
"Workout Traveling Running Casual Hands-Free Wallets","43.13","14.06.2025","21.80","183"
"T-Sound USB Splitter for Laptop","48.40","19.02.2029","79.64","797"
"Command Large Picture Hanging Strips","89.28","14.12.2026","47.88","967"
"Paw Patrol","37.68","17.04.2025","63.82","199"
"Cleaning Gel for Car","49.19","05.04.2030","51.29","470"
"Black Disposable Face Mask","61.44","10.01.2030","99.89","275"
"Led Strip Lights","8.66","07.04.2028","5.51","700"
"Wired Over-Ear Headphones","30.55","27.10.2027","38.23","308"
"Portable Laundry Washing Machine","86.94","19.10.2029","74.41","474"
"Fire TV Cube","4.71","04.09.2029","39.86","112"
"Microfiber Bed Sheet Set with 14” Deep Pockets","24.37","31.05.2027","33.73","130"
"Scotts Turf Builder Weed and Feed","25.01","25.01.2028","54.53","725"
"Amazon Basics Guitar Folding A-Frame Stand","73.31","10.03.2027","32.16","587"
"Standard Replacement Filters for Pitchers and Dispensers","86.47","28.04.2025","9.70","48"
"Amazon Basics Guitar Folding A-Frame Stand","72.20","12.08.2025","83.31","280"
"Neoprene Dumbbell Hand Weights","57.05","28.04.2028","98.06","411"
"Fire 7 Kids tablet","21.93","28.10.2030","82.53","886"
"Original Tamagotchi – 90s","44.55","14.03.2028","50.94","441"
"Acoustic Guitar Strings","42.73","25.02.2029","87.76","910"
"SHASHIBO Shape-Shifting Box – Award-Winning","58.70","21.10.2029","26.77","258"
"Amazon Basics Guitar Folding A-Frame Stand","6.14","05.03.2030","40.88","637"
"Fire 7 Kids tablet","85.37","08.05.2029","78.35","383"
"SKIP-BO Card Game","97.31","28.03.2025","60.95","861"
"Mini Fridge with Freeze","36.68","09.08.2026","52.46","735"
"Bosch Workshop Air Filter","66.20","13.02.2030","56.03","103"
"Fire TV Cube","65.97","28.02.2025","63.73","172"
"Fire TV Cube","10.56","29.11.2028","50.93","709"
"Mac Book Pro Charger","7.22","07.09.2028","34.98","506"
"MODVEL 2 Pack Knee Brace","62.20","23.07.2026","95.24","743"
"Workout Traveling Running Casual Hands-Free Wallets","62.50","25.07.2030","56.14","174"
"Microfiber Bed Sheet Set with 14” Deep Pockets","29.92","26.05.2028","64.72","984"
"Sleek Socket Ultra-Thin Electrical Outlet Cover with 3 Outlet Power Strip","24.31","14.05.2028","90.58","685"
"Standard Replacement Filters for Pitchers and Dispensers","13.52","15.03.2030","99.24","77"
"TERRO T300 Liquid Ant Baits","86.78","05.03.2028","21.23","401"
"TastePure RV/Marine Water Filter with Flexible Hose Protector","94.07","06.10.2028","9.16","512"
"Bosch Workshop Air Filter","26.86","02.10.2025","56.29","127"
"Fidget Toys Easter Pop","76.62","02.09.2029","26.42","454"
"Veken Non-Slip Rug Pad Gripper","30.58","02.12.2030","69.14","724"
"Fresheracc Fridge Freezer Refrigerator Cabinet Lock Latch","19.08","27.07.2028","55.62","800"
"Microfiber Bed Sheet Set with 14” Deep Pockets","36.08","03.10.2029","38.37","692"
"Traeger Grills Apple","18.99","06.09.2025","25.71","989"
"Pizza Grilling Set","14.20","02.04.2026","62.74","267"
"Amazon Basics 3-Foot Extension Cord","56.13","19.05.2027","58.90","285"
"Patented Fidget Cube w/ 36 Rare Earth Magnets","40.23","15.04.2029","70.03","719"
"Filtrete 10x20x1","6.74","22.06.2026","95.51","500"
"Non-Slip Suit Clothes Hangers","80.20","11.05.2028","65.56","680"
"Kitchens Slow Cooker Liners","71.00","19.04.2026","54.97","879"
"The Original Slinky Walking Spring Toy","64.66","26.06.2028","1.49","599"
"Bed and Couch Pillows","45.71","03.12.2030","28.78","743"
"TastePure RV/Marine Water Filter with Flexible Hose Protector","99.57","07.04.2028","86.96","826"
"Fresheracc Fridge Freezer Refrigerator Cabinet Lock Latch","12.10","29.04.2025","93.19","201"
"Fire TV Cube","50.64","30.12.2025","62.09","29"
"Standard Replacement Filters for Pitchers and Dispensers","6.08","31.01.2030","62.66","303"
"Ortho Home Defense Insect Killer","53.80","05.03.2025","4.50","305"
"Baby Monitor Dog Camera 360-degree","80.09","27.01.2030","95.45","114"
"MPR 1500","44.71","25.09.2030","92.51","678"
"Party Favors","53.10","11.08.2025","12.18","161"
"Ice Machine Cleaner and Descaler","55.96","29.09.2026","24.35","726"
"Baby Tablet Preschool Child Early Educational TouchPad for Fun Learn Number ABCs Spelling Animal","43.56","25.10.2028","53.01","611"
"Ortho Home Defense Insect Killer","53.44","21.05.2028","2.18","269"
"Bosch Workshop Air Filter","61.28","17.09.2027","20.15","557"
"Scotts Turf Builder Weed and Feed","79.79","06.01.2029","87.25","212"
"Wireless Bluetooth Karaoke Microphone","97.08","07.05.2027","25.23","732"
"Wired Over-Ear Headphones","61.49","02.05.2029","81.83","62"
"LeapFrog 100 Animals Book","29.80","07.04.2030","60.87","526"
"Echo Dot | Smart speaker","28.76","25.10.2030","82.51","564"
"Led Strip Lights","7.88","27.02.2028","91.92","757"
"Blink Outdoor – wireless","25.77","26.03.2030","97.52","936"
"SKIP-BO Card Game","83.67","19.06.2028","81.11","24"
"Ferilinso Designed for iPhone 13 Pro Max Camera Lens Protector","86.69","07.04.2025","35.01","431"
"MODVEL 2 Pack Knee Brace","0.63","20.05.2026","1.26","240"
"SKIP-BO Card Game","78.88","09.09.2030","17.73","470"
"Miracle-Gro Indoor Plant Food Spikes","24.83","03.03.2030","82.47","659"
"Mini Handheld Vacuum","36.60","06.04.2025","17.51","957"
"The Original Slinky Walking Spring Toy","69.61","27.08.2025","78.90","502"
"Moto Pups Chase’s Deluxe Pull Back Motorcycle Vehicle with Wheelie Feature and Toy Figure","97.06","24.01.2025","51.76","790"
"Docking Station USB C to Dual HDMI Adapter","37.20","01.01.2026","16.14","513"
"Mobil 1 Extended Performance Full Synthetic Motor Oil","90.65","30.07.2030","20.69","314"
"Metal Slinky","34.24","16.05.2025","17.92","777"
"Intex Dura-Beam Deluxe Comfort Plush Air Mattress","99.82","18.04.2030","35.28","837"
"Intex Dura-Beam Deluxe Comfort Plush Air Mattress","91.32","22.09.2029","93.58","554"
"Metal Slinky","1.14","28.06.2029","65.82","89"
"Fire TV Stick with Alexa Voice Remote","1.80","11.05.2027","60.38","803"
"LeapFrog 100 Animals Book","45.38","14.11.2028","58.74","28"
"Standard Replacement Filters for Pitchers and Dispensers","77.83","29.08.2026","78.37","503"
"Sleek Socket Ultra-Thin Electrical Outlet Cover with 3 Outlet Power Strip","39.50","18.07.2026","27.02","684"
"Veken Non-Slip Rug Pad Gripper","67.75","18.11.2030","23.75","342"
"Everydrop by Whirlpool Ice and Water Refrigerator","33.04","08.07.2028","93.16","763"
"EcoNour Car Windshield Sun Shade with Storage Pouch","20.02","11.09.2030","26.00","218"
"Cosmo 668ICS750 30 in","69.72","01.10.2027","13.03","995"
"Pokémon Assorted Card","93.86","07.01.2029","32.45","315"
"Amazon Basics XLR Male to Female Microphone Cable – 3 Feet","83.07","09.10.2029","29.49","857"
"USB Condenser Gaming Microphone","90.57","27.03.2030","77.62","584"
"Bedside Table with Plastic Poles","54.52","15.10.2025","10.75","529"
"Smart WiFi Router","38.69","15.02.2028","30.57","424"
"and Gifts","1.30","15.11.2028","40.20","138"
"Ortho Home Defense Insect Killer","7.55","04.10.2029","84.97","162"
"Acoustic Guitar Strings","74.62","11.09.2030","85.42","160"
"Metal Slinky","93.64","29.01.2027","94.05","450"
"Focusrite Scarlett Solo 3rd Gen USB Audio Interface","7.15","19.02.2027","75.13","65"
"Colorful VSCO Waterproof Stickers","9.46","12.01.2026","53.79","933"
"Metal Slinky","16.60","02.02.2030","94.98","864"
"Portable Countertop Dishwasher","77.38","19.12.2026","48.58","400"
"TERRO T300 Liquid Ant Baits","78.02","07.11.2027","57.33","517"
"High Power","3.51","31.03.2025","26.88","833"
"Baby Monitor Dog Camera 360-degree","34.80","18.10.2027","41.16","914"
"Amazon Basics Exercise Yoga Mat","25.12","13.12.2030","47.59","814"
"EcoNour Car Windshield Sun Shade with Storage Pouch","68.82","12.03.2025","15.59","121"
"Patented Fidget Cube w/ 36 Rare Earth Magnets","3.44","20.06.2029","79.95","434"
"SHASHIBO Shape-Shifting Box – Award-Winning","91.40","02.12.2026","27.34","6"
"Moto Pups Chase’s Deluxe Pull Back Motorcycle Vehicle with Wheelie Feature and Toy Figure","56.00","29.03.2025","9.18","196"
"Cleaning Gel for Car","0.21","19.07.2028","42.15","409"
"Reusable and Washable","56.35","07.06.2025","74.87","703"
"Party Favors","1.34","16.10.2025","97.80","427"
"and Gifts","43.42","17.04.2027","84.55","433"
"Mr Gold Foaming Car Wash Soap","68.25","07.10.2027","19.06","334"
"Non-Slip Suit Clothes Hangers","63.06","07.01.2028","19.26","893"
"Standard Replacement Filters for Pitchers and Dispensers","21.61","30.04.2026","21.39","589"
"Patented Fidget Cube w/ 36 Rare Earth Magnets","13.83","12.11.2028","55.96","155"
"Healthy Living Ultra Allergen","61.01","29.07.2029","78.36","636"
"Portable Washing Machine","95.43","13.11.2025","20.89","171"
"Insulated Grocery shopping bag","93.49","10.02.2026","47.00","25"
"Fire 7 Kids tablet","93.10","16.04.2026","51.46","397"
"Blink Outdoor – wireless","74.96","13.03.2028","72.56","81"
"Pokémon Assorted Card","44.33","09.10.2025","34.69","44"
"Patented Fidget Cube w/ 36 Rare Earth Magnets","2.46","07.09.2030","20.27","765"
"Amazon Basics 3-Foot Extension Cord","87.12","11.06.2025","64.80","712"
"Kindle","69.88","05.09.2028","49.48","127"
"USB Condenser Gaming Microphone","57.47","27.03.2028","78.76","455"
"Smart WiFi Router","98.15","20.03.2030","69.80","580"
"High Power","1.23","17.03.2026","68.43","231"
"Reusable and Washable","48.41","28.06.2028","89.97","465"
"Original Tamagotchi – 90s","77.85","24.02.2029","54.65","69"
"Coleman Sundome Camping Tent","26.68","13.12.2029","20.30","959"
"Baby Tablet Preschool Child Early Educational TouchPad for Fun Learn Number ABCs Spelling Animal","79.16","05.10.2030","56.31","554"
"Iron Flask Sports Water Bottle","91.58","22.06.2027","37.93","411"
"Mini Handheld Vacuum","76.53","26.08.2030","19.22","991"
"Microfiber Bed Sheet Set with 14” Deep Pockets","30.74","28.12.2029","15.91","735"
"Laundry Door Post 2.0","8.98","21.10.2030","53.29","966"
"AC Furnace Air Filter","55.62","18.03.2030","5.97","656"
"Moto Pups Chase’s Deluxe Pull Back Motorcycle Vehicle with Wheelie Feature and Toy Figure","42.13","08.10.2029","61.76","850"
"Ortho Home Defense Insect Killer","43.94","16.10.2027","20.40","913"
"Focusrite Scarlett Solo 3rd Gen USB Audio Interface","32.14","18.09.2027","33.05","940"
"SKIP-BO Card Game","31.32","29.07.2028","6.94","161"
"Fidget Toys Easter Pop","74.78","09.12.2030","45.23","588"
"Ernie Ball Hybrid Slinky Electric Guitar Strings","61.75","05.04.2029","92.35","851"
"Traeger Grills Apple","96.79","29.12.2026","16.23","357"
"Mobil 1 Extended Performance Full Synthetic Motor Oil","82.39","23.05.2027","20.40","997"
"Cosmo 668ICS750 30 in","95.61","22.07.2030","80.37","526"
"Mac Book Pro Charger","11.78","29.07.2030","99.99","758"
"Intex Dura-Beam Deluxe Comfort Plush Air Mattress","32.87","22.05.2025","57.62","922"
"Catchmaster 72MAX Pest Trap","91.37","26.12.2029","27.64","145"
"Scotts Turf Builder Weed and Feed","56.54","11.12.2030","5.93","333"
"Filtrete 10x20x1","36.20","11.04.2025","89.46","237"
"SONORO KATE Bathroom Rug","0.19","21.09.2029","93.76","806"
"Wolmund Toddler Learning Toy","31.34","08.10.2026","52.52","995"
"Fire HD 8 tablet","77.60","10.01.2026","79.05","34"
"Bed and Couch Pillows","14.30","15.03.2030","93.39","184"
"Acoustic Guitar Strings","43.40","05.09.2026","97.21","851"
"Sleek Socket Ultra-Thin Electrical Outlet Cover with 3 Outlet Power Strip","98.88","05.04.2028","57.51","602"
"Focusrite Scarlett Solo 3rd Gen USB Audio Interface","78.52","25.05.2025","43.32","398"
"Focusrite Scarlett Solo 3rd Gen USB Audio Interface","24.85","13.02.2025","82.48","502"
"Standard Replacement Filters for Pitchers and Dispensers","7.97","14.04.2025","57.07","943"
"Echo Dot (4th Gen) | Smart speaker","10.02","16.11.2029","12.62","215"
"Pokémon Assorted Card","85.37","24.03.2029","45.01","705"
"weather-resistant HD security camera","34.12","03.07.2029","75.31","513"
"Electric Instrument Cable","64.79","04.02.2026","59.02","786"
"Microfiber Bed Sheet Set with 14” Deep Pockets","54.98","03.10.2025","32.93","588"
"Smart WiFi Router","22.36","11.03.2025","89.83","871"
"Electric Instrument Cable","18.48","09.11.2028","23.51","249"
"Fidget Toys","98.90","19.08.2030","91.02","166"
"Fujifilm Instax Mini Instant Film","21.67","06.12.2027","26.96","834"
"Bosch Workshop Air Filter","65.66","27.04.2026","37.35","659"
"Cosmo 668ICS750 30 in","16.10","12.06.2028","70.07","309"
"Wired Over-Ear Headphones","22.68","06.02.2030","98.24","568"
"Command Large Picture Hanging Strips","56.83","20.10.2029","12.78","321"
"Fresheracc Fridge Freezer Refrigerator Cabinet Lock Latch","42.29","11.10.2028","97.00","222"
"CHAPIN 20000 Garden Sprayer 1 Gallon Lawn","33.18","23.07.2030","58.13","554"
"Laundry Door Post 2.0","65.31","20.12.2025","4.14","642"
"Wireless Bluetooth Karaoke Microphone","64.85","01.01.2026","72.71","166"
"weather-resistant HD security camera","34.48","06.10.2027","56.96","737"
"Amazon Basics 3-Foot Extension Cord","55.77","18.05.2027","67.68","615"
"Kitchens Slow Cooker Liners","29.52","29.07.2028","42.99","521"
"Ring Video Doorbell","58.82","11.04.2025","63.52","761"
"Wagner's 13008 Deluxe Wild Bird Food","74.64","09.01.2029","62.28","414"
"Fidget Toys","70.99","05.07.2027","38.05","1000"
"Amazon Basics Exercise Yoga Mat","74.90","13.07.2027","2.50","120"
"Smart WiFi Router","33.45","02.06.2027","65.15","1"
"Callaway 2021 Supersoft Golf Balls 12B PK","68.82","07.11.2025","59.19","381"
"Blink Outdoor – wireless","85.53","10.01.2027","96.11","811"
"Microfiber Cleaning Cloths","20.86","24.10.2026","82.31","15"
"Wolmund Toddler Learning Toy","12.38","15.10.2026","11.82","222"
"Bedside Table with Plastic Poles","26.57","03.03.2026","9.05","29"
"Colorful VSCO Waterproof Stickers","61.40","06.02.2026","32.00","704"
"Mini Handheld Vacuum","43.24","07.02.2025","2.15","606"
"Echo Dot | Smart speaker","90.24","15.04.2027","23.72","313"
"Baby Monitor Dog Camera 360-degree","47.57","08.03.2029","74.60","231"
"Fire 7 Kids tablet","60.42","06.11.2029","69.05","396"
"Scotts Turf Builder Weed and Feed","23.91","31.12.2028","68.68","340"
